<?xml version="1.0" encoding="UTF-8" ?>
<!DOCTYPE configuration
  PUBLIC "-//mybatis.org//DTD Config 3.0//EN"
  "http://mybatis.org/dtd/mybatis-3-config.dtd">
<!-- XML 配置文件包含对 MyBatis 系统的核心设置 -->
<configuration>
	<!-- 指定外部引入的属性配置文件  -->
	<properties resource="db.properties" />
	<!-- 指定 MyBatis 所用日志的具体实现 -->
	<settings>
		<setting name="logImpl" value="LOG4J" />
		<setting name="lazyLoadingEnabled" value="true"/>
		<setting name="aggressiveLazyLoading" value="false"/>
	</settings>
	<environments default="mysql">
		<!-- 环境配置，即连接的数据库。 -->
		<environment id="mysql">
			<!-- 指定事务管理类型，type="JDBC"指直接简单使用了JDBC的提交和回滚设置 -->
			<transactionManager type="JDBC" />
			<!-- dataSource指数据源配置，POOLED是JDBC连接对象的数据源连接池的实现。 -->
			<dataSource type="POOLED">
				<property name="driver" value="${mysql_driver}" />
				<property name="url" value="${mysql_url}" />
				<property name="username" value="${mysql_username}" />
				<property name="password" value="${mysql_password}" />
			</dataSource>
		</environment>
	</environments>
	<!-- mappers指定持久化类的映射文件 -->
	<mappers>
		<mapper resource="com/group3/mapper/UserMapper.xml" />
	</mappers>
</configuration>