﻿<?xml version="1.0" encoding="UTF-8"?>
<beans
	xmlns="http://www.springframework.org/schema/beans"
	xmlns:xsi="http://www.w3.org/2001/XMLSchema-instance"
	xsi:schemaLocation="http://www.springframework.org/schema/beans http://www.springframework.org/schema/beans/spring-beans-2.0.xsd">
	
	<bean id="dataSource" class="org.springframework.jdbc.datasource.DriverManagerDataSource">
		<property name="driverClassName">
			<value>com.mysql.jdbc.Driver</value>
		</property>
		<property name="url">
			<!-- 在此设置编码可以解决在代码中显示不乱码，而保存到数据库后产生中文乱码现象 -->
			<value>jdbc:mysql://localhost/freshO2O?useUnicode=true&amp;characterEncoding=utf-8</value>
		</property>
		<property name="username">
			<value>root</value>
		</property>
		<property name="password">
			<value>admin</value>
		</property>
	</bean>

	<bean id="sessionFactory"
		class="org.springframework.orm.hibernate3.LocalSessionFactoryBean">
		<property name="dataSource">
			<ref bean="dataSource" />
		</property>
		<property name="hibernateProperties">
			<props>
				<prop key="hibernate.dialect">
					org.hibernate.dialect.MySQLDialect
				</prop>
			</props>
		</property>
		<property name="mappingResources">
			<list>
				<value>com/freshO2O/po/User.hbm.xml</value>
				<value>com/freshO2O/po/Goods.hbm.xml</value>
				<value>com/freshO2O/po/Area.hbm.xml</value>
				<value>com/freshO2O/po/Indent.hbm.xml</value>
				<value>com/freshO2O/po/Deduction.hbm.xml</value>
				<value>com/freshO2O/po/Receiveaddr.hbm.xml</value>
				<value>com/freshO2O/po/CookBook.hbm.xml</value>
			</list>
		</property>
	</bean>
	
	<bean id="hibernateTemplate" class="org.springframework.orm.hibernate3.HibernateTemplate">
		<property name="sessionFactory">
			<ref bean="sessionFactory"/>
		</property>
	</bean>
	
	<!-- 声明一个 Hibernate 3 的事务管理器供代理类自动管理事务用 -->
	<bean id="transactionManager"
		class="org.springframework.orm.hibernate3.HibernateTransactionManager">
		<property name="sessionFactory">
			<ref bean="sessionFactory" />
		</property>
	</bean>
	
	<bean id="receiveaddrDAO" class="com.freshO2O.dao.ReceiveaddrDAOImpl">
		<property name="hibernateTemplate">
			<ref bean="hibernateTemplate"/>
		</property>
	</bean>
	
	<bean id="receiveaddrDAOProxy"
		class="org.springframework.transaction.interceptor.TransactionProxyFactoryBean">
		<property name="transactionManager">
			<ref bean="transactionManager" />
		</property>
		<property name="target">
			<ref bean="receiveaddrDAO" />
		</property>

		<property name="transactionAttributes">
			<props>
				<!-- 这里的方法签名可以精确到方法全配置上 -->
				<prop key="*">PROPAGATION_REQUIRED</prop>
			</props>
		</property>
	</bean>
	
	<bean id="cookBookDAO" class="com.freshO2O.dao.CookBookDAOImpl">
		<property name="hibernateTemplate">
			<ref bean="hibernateTemplate"/>
		</property>
	</bean>
	
	<bean id="cookBookDAOProxy"
		class="org.springframework.transaction.interceptor.TransactionProxyFactoryBean">
		<property name="transactionManager">
			<ref bean="transactionManager" />
		</property>
		<property name="target">
			<ref bean="cookBookDAO" />
		</property>

		<property name="transactionAttributes">
			<props>
				<!-- 这里的方法签名可以精确到方法全配置上 -->
				<prop key="*">PROPAGATION_REQUIRED</prop>
			</props>
		</property>
	</bean>
	
	<bean id="userDAO" class="com.freshO2O.dao.UserDAOImpl">
		<property name="hibernateTemplate">
			<ref bean="hibernateTemplate"/>
		</property>
	</bean>
	
	<bean id="userDAOProxy"
		class="org.springframework.transaction.interceptor.TransactionProxyFactoryBean">
		<property name="transactionManager">
			<ref bean="transactionManager" />
		</property>
		<property name="target">
			<ref bean="userDAO" />
		</property>

		<property name="transactionAttributes">
			<props>
				<!-- 这里的方法签名可以精确到方法全配置上 -->
				<prop key="*">PROPAGATION_REQUIRED</prop>
			</props>
		</property>
	</bean>
	
	<bean id="deductionDAO" class="com.freshO2O.dao.DeductionDAOImpl">
		<property name="hibernateTemplate">
			<ref bean="hibernateTemplate"/>
		</property>
	</bean>
	
	<bean id="deductionDAOProxy"
		class="org.springframework.transaction.interceptor.TransactionProxyFactoryBean">
		<property name="transactionManager">
			<ref bean="transactionManager" />
		</property>
		<property name="target">
			<ref bean="deductionDAO" />
		</property>

		<property name="transactionAttributes">
			<props>
				<!-- 这里的方法签名可以精确到方法全配置上 -->
				<prop key="*">PROPAGATION_REQUIRED</prop>
			</props>
		</property>
	</bean>
	
	<bean id="indentDAO" class="com.freshO2O.dao.IndentDAOImpl">
		<property name="hibernateTemplate">
			<ref bean="hibernateTemplate"/>
		</property>
	</bean>
	
	<bean id="indentDAOProxy"
		class="org.springframework.transaction.interceptor.TransactionProxyFactoryBean">
		<property name="transactionManager">
			<ref bean="transactionManager" />
		</property>
		<property name="target">
			<ref bean="indentDAO" />
		</property>

		<property name="transactionAttributes">
			<props>
				<!-- 这里的方法签名可以精确到方法全配置上 -->
				<prop key="*">PROPAGATION_REQUIRED</prop>
			</props>
		</property>
	</bean>
	
	<bean id="areaDAO" class="com.freshO2O.dao.AreaDAOImpl">
		<property name="hibernateTemplate">
			<ref bean="hibernateTemplate"/>
		</property>
	</bean>
	
	<bean id="areaDAOProxy"
		class="org.springframework.transaction.interceptor.TransactionProxyFactoryBean">
		<property name="transactionManager">
			<ref bean="transactionManager" />
		</property>
		<property name="target">
			<ref bean="areaDAO" />
		</property>

		<property name="transactionAttributes">
			<props>
				<!-- 这里的方法签名可以精确到方法全配置上 -->
				<prop key="*">PROPAGATION_REQUIRED</prop>
			</props>
		</property>
	</bean>
	
	<bean id="goodsDAO" class="com.freshO2O.dao.GoodsDAOImpl">
		<property name="hibernateTemplate">
			<ref bean="hibernateTemplate"/>
		</property>
	</bean>
	
	<bean id="goodsDAOProxy"
		class="org.springframework.transaction.interceptor.TransactionProxyFactoryBean">
		<property name="transactionManager">
			<ref bean="transactionManager" />
		</property>
		<property name="target">
			<ref bean="goodsDAO" />
		</property>

		<property name="transactionAttributes">
			<props>
				<!-- 这里的方法签名可以精确到方法全配置上 -->
				<prop key="*">PROPAGATION_REQUIRED</prop>
			</props>
		</property>
	</bean>
	
	
	<bean id="userPasswordEditAction" class="com.freshO2O.action.UserPasswordEditAction">
		<property name="userDAO">
			<ref bean="userDAOProxy"/>
		</property>
	</bean>
	
	<bean id="userAddAction" class="com.freshO2O.action.UserAddAction">
		<property name="userDAO">
			<ref bean="userDAOProxy"/>
		</property>
	</bean>
	<bean id="userDeleteAction" class="com.freshO2O.action.UserDeleteAction">
		<property name="userDAO">
			<ref bean="userDAOProxy"/>
		</property>
	</bean>
	
	<bean id="userSelectAction" class="com.freshO2O.action.UserSelectAction">
		<property name="userDAO">
			<ref bean="userDAOProxy"/>
		</property>
	</bean>
	
	<bean id="intetrationSelectAction" class="com.freshO2O.action.IntetrationSelectAction">
		<property name="userDAO">
			<ref bean="userDAOProxy"/>
		</property>
	</bean>
	
	<bean id="receiveaddrSetDefault2Action" class="com.freshO2O.action.ReceiveaddrSetDefault2Action">
		<property name="userDAO">
			<ref bean="userDAOProxy"/>
		</property>
	</bean>
	
	<bean id="loginAction" class="com.freshO2O.action.LoginAction">
		<property name="userDAO">
			<ref bean="userDAOProxy"/>
		</property>
	</bean>
	
	<bean id="userEditAction" class="com.freshO2O.action.UserEditAction">
		<property name="userDAO">
			<ref bean="userDAOProxy"/>
		</property>
	</bean>
	
	<bean id="goodsSelectAction" class="com.freshO2O.action.GoodsSelectAction">
		<property name="goodsDAO">
			<ref bean="goodsDAOProxy"/>
		</property>
	</bean>
	
	<bean id="goodsAddAction" class="com.freshO2O.action.GoodsAddAction">
		<property name="goodsDAO">
			<ref bean="goodsDAOProxy"/>
		</property>
	</bean>
	
	<bean id="goodsDeleteAction" class="com.freshO2O.action.GoodsDeleteAction">
		<property name="goodsDAO">
			<ref bean="goodsDAOProxy"/>
		</property>
	</bean>
	
	<bean id="goodsSetRecomendAction" class="com.freshO2O.action.GoodsSetRecomendAction">
		<property name="goodsDAO">
			<ref bean="goodsDAOProxy"/>
		</property>
	</bean>
	
	<bean id="goodsSelectByIdAction" class="com.freshO2O.action.GoodsSelectByIdAction">
		<property name="goodsDAO">
			<ref bean="goodsDAOProxy"/>
		</property>
	</bean>
	
	<bean id="goodsSelectByCategoryAction" class="com.freshO2O.action.GoodsSelectByCategoryAction">
		<property name="goodsDAO">
			<ref bean="goodsDAOProxy"/>
		</property>
	</bean>
	
	<bean id="goodsEditAction" class="com.freshO2O.action.GoodsEditAction">
		<property name="goodsDAO">
			<ref bean="goodsDAOProxy"/>
		</property>
	</bean>
	
	<bean id="areaSelectAction" class="com.freshO2O.action.AreaSelectAction">
		<property name="areaDAO">
			<ref bean="areaDAOProxy"/>
		</property>
	</bean>
	
	<bean id="areaAddAction" class="com.freshO2O.action.AreaAddAction">
		<property name="areaDAO">
			<ref bean="areaDAOProxy"/>
		</property>
	</bean>
	
	<bean id="areaDeleteAction" class="com.freshO2O.action.AreaDeleteAction">
		<property name="areaDAO">
			<ref bean="areaDAOProxy"/>
		</property>
	</bean>
	
	<bean id="indentSelectAction" class="com.freshO2O.action.IndentSelectAction">
		<property name="indentDAO">
			<ref bean="indentDAOProxy"/>
		</property>
	</bean>
	
	<bean id="indentEditAction" class="com.freshO2O.action.IndentEditAction">
		<property name="indentDAO">
			<ref bean="indentDAOProxy"/>
		</property>
	</bean>
	
	<bean id="indentDeleteAction" class="com.freshO2O.action.IndentDeleteAction">
		<property name="indentDAO">
			<ref bean="indentDAOProxy"/>
		</property>
	</bean>
	
	
	
	<bean id="orderAddAction" class="com.freshO2O.action.OrderAddAction">
		<property name="indentDAO">
			<ref bean="indentDAOProxy"/>
		</property>
	</bean>
	
	<bean id="goodsIntegrationEditAction" class="com.freshO2O.action.GoodsIntegrationEditAction">
		<property name="goodsDAO">
			<ref bean="goodsDAOProxy"/>
		</property>
	</bean>
	
	<bean id="deductionEditAction" class="com.freshO2O.action.DeductionEditAction">
		<property name="deductionDAO">
			<ref bean="deductionDAOProxy"/>
		</property>
	</bean>
	
	<bean id="receiveaddrAddAction" class="com.freshO2O.action.ReceiveaddrAddAction">
		<property name="receiveaddrDAO">
			<ref bean="receiveaddrDAOProxy"/>
		</property>
	</bean>
	
	<bean id="receiveaddrSelectAction" class="com.freshO2O.action.ReceiveaddrSelectAction">
		<property name="receiveaddrDAO">
			<ref bean="receiveaddrDAOProxy"/>
		</property>
	</bean>
	
	<bean id="receiveaddrDelAction" class="com.freshO2O.action.ReceiveaddrDelAction">
		<property name="receiveaddrDAO">
			<ref bean="receiveaddrDAOProxy"/>
		</property>
	</bean>
	
	<bean id="receiveaddrEditAction" class="com.freshO2O.action.ReceiveaddrEditAction">
		<property name="receiveaddrDAO">
			<ref bean="receiveaddrDAOProxy"/>
		</property>
	</bean>
	
	<bean id="cookBookSelectAction" class="com.freshO2O.action.CookBookSelectAction">
		<property name="cookBookDAO">
			<ref bean="cookBookDAOProxy"/>
		</property>
	</bean>
	
	<bean id="cookBookAddMaterielAction" class="com.freshO2O.action.CookBookAddMaterielAction">
		<property name="goodsDAO">
			<ref bean="goodsDAOProxy"/>
		</property>
	</bean>
	
	<bean id="cookBookAddAction" class="com.freshO2O.action.CookBookAddAction">
		<property name="cookBookDAO">
			<ref bean="cookBookDAOProxy"/>
		</property>
	</bean>
	
	<bean id="cookBookDeleteAction" class="com.freshO2O.action.CookBookDeleteAction">
		<property name="cookBookDAO">
			<ref bean="cookBookDAOProxy"/>
		</property>
	</bean>
	
	<bean id="cookBookSelectByIdAction" class="com.freshO2O.action.CookBookSelectByIdAction">
		<property name="cookBookDAO">
			<ref bean="cookBookDAOProxy"/>
		</property>
	</bean>
	
	
	<bean id="cookBookEditAction" class="com.freshO2O.action.CookBookEditAction">
		<property name="cookBookDAO">
			<ref bean="cookBookDAOProxy"/>
		</property>
	</bean>
	
	
	
	
</beans>