<?xml version="1.0" encoding="utf-8"?>
<!DOCTYPE hibernate-mapping PUBLIC "-//Hibernate/Hibernate Mapping DTD 3.0//EN"
"http://hibernate.sourceforge.net/hibernate-mapping-3.0.dtd">
<!-- 
    Mapping file autogenerated by MyEclipse Persistence Tools
-->
<hibernate-mapping>
    <class name="com.freshO2O.po.Area" table="area" catalog="fresho2o">
        <id name="id" type="java.lang.Integer">
            <column name="id" />
            <generator class="native"></generator>
        </id>
        <property name="areaname" type="java.lang.String">
            <column name="areaname" />
        </property>
        <property name="addr" type="java.lang.String">
            <column name="addr" />
        </property>
        <property name="xypoint" type="java.lang.String">
            <column name="xypoint" />
        </property>
    </class>
</hibernate-mapping>
