<?xml version="1.0" encoding="utf-8"?>
<!DOCTYPE hibernate-mapping PUBLIC "-//Hibernate/Hibernate Mapping DTD 3.0//EN"
"http://hibernate.sourceforge.net/hibernate-mapping-3.0.dtd">
<!-- 
    Mapping file autogenerated by MyEclipse Persistence Tools
-->
<hibernate-mapping>
    <class name="com.freshO2O.po.CookBook" table="cookbook" catalog="fresho2o">
        <id name="id" type="java.lang.Integer">
            <column name="id" />
            <generator class="native"></generator>
        </id>
        <property name="cname" type="java.lang.String">
            <column name="cname" />
        </property>
        <property name="cmethod" type="java.lang.String">
            <column name="cmethod" />
        </property>
        <property name="csource" type="java.lang.String">
            <column name="csource" />
        </property>
        <property name="cpic" type="java.lang.String">
            <column name="cpic" />
        </property>
    </class>
</hibernate-mapping>
