<?xml version="1.0" encoding="utf-8"?>
<!DOCTYPE hibernate-mapping PUBLIC "-//Hibernate/Hibernate Mapping DTD 3.0//EN"
"http://hibernate.sourceforge.net/hibernate-mapping-3.0.dtd">
<!-- 
    Mapping file autogenerated by MyEclipse Persistence Tools
-->
<hibernate-mapping>
    <class name="com.freshO2O.po.Goods" table="goods" catalog="fresho2o">
        <id name="GId" type="java.lang.Integer">
            <column name="g_id" />
            <generator class="native"></generator>
        </id>
        <property name="GName" type="java.lang.String">
            <column name="g_name" />
        </property>
        <property name="GPic" type="java.lang.String">
            <column name="g_pic" />
        </property>
        <property name="GDesc" type="java.lang.String">
            <column name="g_desc" />
        </property>
        <property name="GPrice" type="java.lang.Double">
            <column name="g_price" precision="255" scale="0" />
        </property>
        <property name="GDis" type="java.lang.Double">
            <column name="g_dis" precision="255" scale="0" />
        </property>
        <property name="GType" type="java.lang.String">
            <column name="g_type" />
        </property>
        <property name="g_reco" type="java.lang.String">
            <column name="g_reco" />
        </property>
        <property name="categoryId" type="java.lang.Integer">
            <column name="category_id" />
        </property>
        <property name="g_count" type="java.lang.Integer">
            <column name="g_count" />
        </property>
        <property name="g_integration" type="java.lang.Integer">
            <column name="g_integration" />
        </property>
        <property name="g_discount" type="java.lang.Integer">
            <column name="g_discount" />
        </property>
    </class>
</hibernate-mapping>
