<?xml version="1.0" encoding="utf-8"?>
<!DOCTYPE hibernate-mapping PUBLIC "-//Hibernate/Hibernate Mapping DTD 3.0//EN"
"http://hibernate.sourceforge.net/hibernate-mapping-3.0.dtd">
<!-- 
    Mapping file autogenerated by MyEclipse Persistence Tools
-->
<hibernate-mapping>
    <class name="com.freshO2O.po.Indent" table="indent" catalog="fresho2o">
        <id name="id" type="java.lang.Integer">
            <column name="id" />
            <generator class="native"></generator>
        </id>
        <property name="account" type="java.lang.String">
            <column name="account" />
        </property>
        <property name="GId" type="java.lang.Integer">
            <column name="g_id" />
        </property>
        <property name="GName" type="java.lang.String">
            <column name="g_name" />
        </property>
        <property name="GPrice" type="java.lang.Double">
            <column name="g_price" precision="22" scale="0" />
        </property>
        <property name="GNum" type="java.lang.Integer">
            <column name="g_num" />
        </property>
        <property name="GAmount" type="java.lang.Double">
            <column name="g_amount" precision="22" scale="0" />
        </property>
        <property name="OState" type="java.lang.String">
            <column name="o_state" length="25" />
        </property>
        <property name="OTime" type="java.util.Date">
            <column name="o_time" length="10" />
        </property>
        <property name="OAddr" type="java.lang.String">
            <column name="o_addr" />
        </property>
    </class>
</hibernate-mapping>
