<?xml version="1.0" encoding="utf-8"?>
<!DOCTYPE hibernate-mapping PUBLIC "-//Hibernate/Hibernate Mapping DTD 3.0//EN"
"http://hibernate.sourceforge.net/hibernate-mapping-3.0.dtd">
<!-- 
    Mapping file autogenerated by MyEclipse Persistence Tools
-->
<hibernate-mapping>
    <class name="com.freshO2O.po.Receiveaddr" table="receiveaddr" catalog="fresho2o">
        <id name="id" type="java.lang.Integer">
            <column name="id" />
            <generator class="native"></generator>
        </id>
        <property name="username" type="java.lang.String">
            <column name="username" />
        </property>
        <property name="phone" type="java.lang.String">
            <column name="phone" length="64" />
        </property>
        <property name="address" type="java.lang.String">
            <column name="address" />
        </property>
        <property name="account" type="java.lang.String">
            <column name="account" />
        </property>
        <property name="defaultaddr" type="java.lang.String">
            <column name="defaultaddr" />
        </property>
        
    </class>
</hibernate-mapping>
