<?xml version="1.0" encoding="utf-8"?>
<!DOCTYPE hibernate-mapping PUBLIC "-//Hibernate/Hibernate Mapping DTD 3.0//EN"
"http://hibernate.sourceforge.net/hibernate-mapping-3.0.dtd">
<!-- 
    Mapping file autogenerated by MyEclipse Persistence Tools
-->
<hibernate-mapping>
    <class name="com.freshO2O.po.User" table="user" catalog="fresho2o">
        <id name="id" type="java.lang.Integer">
            <column name="id" />
            <generator class="native"></generator>
        </id>
        <property name="account" type="java.lang.String">
            <column name="account" />
        </property>
        <property name="password" type="java.lang.String">
            <column name="password" />
        </property>
        <property name="registertime" type="java.util.Date">
            <column name="registertime" length="10" />
        </property>
        <property name="integrate" type="java.lang.Integer">
            <column name="integrate" />
        </property>
        <property name="nickname" type="java.lang.String">
            <column name="nickname" />
        </property>
        <property name="email" type="java.lang.String">
            <column name="email" />
        </property>
        <property name="phone" type="java.lang.String">
            <column name="phone" />
        </property>
        <property name="birthday" type="java.util.Date">
            <column name="birthday" length="10" />
        </property>
        <property name="addr" type="java.lang.String">
            <column name="addr" />
        </property>
        
        <property name="recvaddr" type="java.lang.String">
            <column name="recvaddr" />
        </property>
        
        
    </class>
</hibernate-mapping>
