<?xml version="1.0" encoding="UTF-8"?>
<beans xmlns="http://www.springframework.org/schema/beans"
	xmlns:xsi="http://www.w3.org/2001/XMLSchema-instance" xmlns:mvc="http://www.springframework.org/schema/mvc"
	xmlns:context="http://www.springframework.org/schema/context"
	xsi:schemaLocation="
        http://www.springframework.org/schema/beans
        http://www.springframework.org/schema/beans/spring-beans.xsd
        http://www.springframework.org/schema/mvc
        http://www.springframework.org/schema/mvc/spring-mvc.xsd     
        http://www.springframework.org/schema/context
        http://www.springframework.org/schema/context/spring-context.xsd">
	<!-- 控制层的自动扫包 -->
	<context:component-scan base-package="com.group3.controller" />
	<!-- 使用默认注解配置方案 -->
	<mvc:annotation-driven />
	<!-- 使用默认响应静态文件方式 -->
	<mvc:default-servlet-handler />
	<mvc:resources mapping="/**" location="/WEB-INF/content/"/>
	<!-- <mvc:resources mapping="/user/**" location="/WEB-INF/content/user/"/> -->
	<!-- <mvc:resources mapping="/queryInfo/**" location"/WEB-INF/content/" -->
	<!-- 视图解析器 -->
	<bean id="viewResolver"
		class="org.springframework.web.servlet.view.InternalResourceViewResolver">
		<!-- 前缀 -->
		<property name="prefix">
			<value>/WEB-INF/content/</value>
		</property>
		<!-- 后缀 -->
		<property name="suffix">
			<value>.jsp</value>
		</property> 
	</bean>
</beans>